<?xml version="1.0" encoding="UTF-8"?>
<!--
  Licensed to the Apache Software Foundation (ASF) under one or more
  contributor license agreements.  See the NOTICE file distributed with
  this work for additional information regarding copyright ownership.
  The ASF licenses this file to You under the Apache License, Version 2.0
  (the "License"); you may not use this file except in compliance with
  the License.  You may obtain a copy of the License at

       http://www.apache.org/licenses/LICENSE-2.0

  Unless required by applicable law or agreed to in writing, software
  distributed under the License is distributed on an "AS IS" BASIS,
  WITHOUT WARRANTIES OR CONDITIONS OF ANY KIND, either express or implied.
  See the License for the specific language governing permissions and
  limitations under the License.
-->
<!-- $Id: disabled-testcases.xml 627324 2008-02-13 09:35:01Z maxberger $ -->
<disabled-testcases>
  <testcase>
    <name>demo test failure</name>
    <file>demo-test-failure.fo</file>
    <description></description>
  </testcase>
  <testcase>
    <name>Markers and core function evaluation</name>
    <file>from-table-column_marker.fo</file>
    <description>The code currently evaluates this function according to the column in which the 
    marker appears in the source document, rather than the column it is retrieved in.</description>
  </testcase>
</disabled-testcases>
