<?xml version="1.0" encoding="UTF-8"?>
<!--
  Licensed to the Apache Software Foundation (ASF) under one or more
  contributor license agreements.  See the NOTICE file distributed with
  this work for additional information regarding copyright ownership.
  The ASF licenses this file to You under the Apache License, Version 2.0
  (the "License"); you may not use this file except in compliance with
  the License.  You may obtain a copy of the License at

       http://www.apache.org/licenses/LICENSE-2.0

  Unless required by applicable law or agreed to in writing, software
  distributed under the License is distributed on an "AS IS" BASIS,
  WITHOUT WARRANTIES OR CONDITIONS OF ANY KIND, either express or implied.
  See the License for the specific language governing permissions and
  limitations under the License.
-->
<!-- $Id: index.xml 636295 2008-03-12 12:19:15Z vhennebert $ -->
<!DOCTYPE document PUBLIC "-//APACHE//DTD Documentation V1.1//EN" "http://forrest.apache.org/dtd/document-v11.dtd">

<document>
  <header>
    <title>Apache FOP</title>
    <version>$Revision: 636295 $</version>
  </header>
  <body>
    <section id="intro">
      <title>Introduction</title>
      <p>Apache FOP (Formatting Objects Processor) is a print formatter driven by XSL
        formatting objects (XSL-FO) and an output independent formatter. It is a Java
        application that reads a formatting object (FO) tree and renders the resulting
        pages to a specified output. <link href="0.95/output.html">Output formats</link>
        currently supported include PDF, PS, PCL, AFP, XML (area tree representation),
        Print, AWT and PNG, and to a lesser extent, RTF and TXT. The primary output target is PDF.
      </p>
        <figure width="480" height="260" src="images/document.jpg" alt="Render Diagram" />
    <p>
      A beta release of the latest version of FOP (<link href="0.95/">0.95</link>) is now
      available. After a short testing period it will become the third
      stable release after the large redesign effort and will implement a large subset of the
      <link href="http://www.w3.org/TR/xsl11/">XSL-FO Version 1.1 W3C
        Recommendation</link>.
    </p>
    <p>
      Support for each of the standard's objects and properties is detailed in <link href="compliance.html">FOP Compliance</link>.
      <link href="download.html">Download</link> options include a precompiled version, source code, and many example files to get you started. <link href="resources.html">Resources</link> include links to XSL-FO introductions and many other useful references. A checklist for <link href="gethelp.html">Getting Help</link> will guide you toward maximizing the usefulness of FOP.
    </p>
    <p>FOP is proud to be part of <link href="http://xmlgraphics.apache.org">Apache's XML Graphics project</link>.
    </p>
    </section>

  <section id="demo">
    <title>Demonstration</title>
        <figure width="480" height="260" src="images/layout.jpg" alt="Formatting Diagram" />
<p>
This image is a demonstration of a real two page document. The xml data on the left
is formatted into the two pages on the right. The document contains static areas that appear on every page, an external graphic, a footnote on the first page, and a table that goes across both pages.
</p>
<p>
FOP uses the standard XSL-FO file format as input, lays the content out into pages, then renders it to the requested output.
One great advantage of using XSL-FO as input is that XSL-FO is itself an XML file, which means that it can be conveniently created from a variety of sources.
The most common method is to convert semantic XML to XSL-FO, using an XSLT transformation.</p>
  </section>
  <section id="objectives">
    <title>FOP Objectives</title>
    <p>The goals of the Apache FOP project are to deliver an XSL-FO to PDF formatter that
      is compliant to at least the Basic conformance level described in the W3C
      Recommendation from 05 December 2006, and that complies with the November 2001
      Portable Document Format Specification (Version 1.4) from Adobe Systems.
    </p>

    <p>Conformance to the XML 1.0 Recommendation, XSLT 1.0 Recommendation and the XML Namespaces Recommendation is
       understood. Other relevant documents, such as the XPath and XLink Working Drafts, are referenced as necessary. The FOP
       Project will attempt to use the latest version of evolving specifications.
    </p>
  </section>
  <note>
    The PDF files on this site are created using Apache FOP.
  </note>
  </body>
</document>

